{"acc": 0.8947620391845703, "prec0": 0.9060945510864258, "prec1": 0.6913766860961914, "rec0": 0.981374979019165, "rec1": 0.29089751839637756, "auroc": 0.8709537417644037, "auprc": 0.5554125524645547, "minpse": 0.5385105028644176}